employeeNumber,lastName,firstName,extension,email,officeCode,reportsTo,jobTitle,User Name,City,Country
201,Ahamed,Mir Wasim,x9828,mirwasimahamed@gmail.com,6,202,Sales Executive,mahamed,Trichy,India
202,Mansoor,Mansoor,x8842,mansoor@gmail.com,6,210,Sales Manager,mansoo,Trichy,India
203,Arun,Arun,x8142,arun@gmail.com,6,202,Sales Executive,arun,Trichy,India
204,Balavishnu,Balavishnu,x6710,balavishnu@gmail.com,6,213,Sales Executive,balavi,Trichy,India
205,Raghul,Raghul,x7748,raghul@gmail.com,6,213,Sales Executive,raghul,Trichy,India
206,Mohammed,Shaik,x6927,shaikmohammed@gmail.com,6,202,Sales Executive,smohammed,Trichy,India
207,Elamaran,Elamaran,x1438,elamaran@gmail.com,6,202,Sales Executive,elamar,Trichy,India
208,Shafi,Shafi,x8931,shafi@gmail.com,6,213,Sales Executive,shafi,Trichy,India
209,Karthik,Karthik,x4688,karthik@gmail.com,3,,President,karthi,Coimbatore,India
210,Praveen,Praveen,x5990,praveen@gmail.com,5,209,VP Sales,pravee,Salem,India
211,Dinesh,Dinesh,x7830,dinesh@gmail.com,1,209,VP Marketing,dinesh,Chennai,India
212,Hariharan,Hariharan,x1107,hariharan@gmail.com,2,210,Sales Manager (APAC),hariha,Bangalore,India
213,Sathish,Sathish,x8083,sathish@gmail.com,4,211,Sale Manager (EMEA),sathis,Madurai,India
214,Manikandan,Manikandan,x9351,manikandan@gmail.com,5,212,Sales Executive,manika,Salem,India
215,Vinoth,Vinoth,x9995,vinoth@gmail.com,2,202,Sales Executive,vinoth,Bangalore,India
216,Suresh,Suresh,x7056,suresh@gmail.com,2,213,Sales Executive,suresh,Bangalore,India
217,Aravind,Aravind,x5161,aravind@gmail.com,7,212,Sales Executive,aravin,Erode,India
218,Vignesh,Vignesh,x5794,vignesh@gmail.com,1,202,Sales Executive,vignes,Chennai,India
219,Kumar,Kumar,x9443,kumar@gmail.com,1,212,Sales Executive,kumar,Chennai,India
220,Ravi,Ravi,x4733,ravi@gmail.com,6,202,Sales Executive,ravi,Trichy,India
221,Bharath,Bharath,x2210,bharath@gmail.com,4,212,Sales Executive,bharat,Madurai,India
